{"cameraMode":{"drawMode":0,"name":"Shaded","section":"Shading Mode"},"sceneLighting":true,"audioPlay":false,"sceneViewState":{"showFog":true,"showMaterialUpdate":true,"showSkybox":true,"showFlares":true,"showImageEffects":true,"showParticleSystems":true},"in2DMode":false,"pivot":{"x":589.9664916992188,"y":484.2022399902344,"z":-1020.696044921875},"rotation":{"x":-0.013706723228096962,"y":-0.12271212786436081,"z":0.0016813202528283,"w":-0.992366373538971},"size":4.590755462646484,"orthographic":false}