{"cameraMode":{"drawMode":0,"name":"Shaded","section":"Shading Mode"},"sceneLighting":false,"audioPlay":false,"sceneViewState":{"showFog":true,"showMaterialUpdate":false,"showSkybox":true,"showFlares":true,"showImageEffects":true,"showParticleSystems":true},"in2DMode":false,"pivot":{"x":22.88764190673828,"y":21.43671989440918,"z":-17.34711265563965},"rotation":{"x":0.00032315999851562083,"y":0.9986679553985596,"z":-0.051286518573760989,"w":0.006293400190770626},"size":154.31411743164063,"orthographic":false}