{"cameraMode":{"drawMode":0,"name":"Shaded","section":"Shading Mode"},"sceneLighting":true,"audioPlay":false,"sceneViewState":{"showFog":false,"showMaterialUpdate":false,"showSkybox":false,"showFlares":false,"showImageEffects":false,"showParticleSystems":false},"in2DMode":false,"pivot":{"x":487.9235534667969,"y":466.6476745605469,"z":392.2056884765625},"rotation":{"x":-0.042288683354854587,"y":-0.02101113460958004,"z":0.0008825453696772456,"w":-0.9989027976989746},"size":1404.2564697265625,"orthographic":false}