{"cameraMode":{"drawMode":0,"name":"Shaded","section":"Shading Mode"},"sceneLighting":true,"audioPlay":false,"sceneViewState":{"showFog":true,"showMaterialUpdate":false,"showSkybox":true,"showFlares":true,"showImageEffects":true,"showParticleSystems":true},"in2DMode":false,"pivot":{"x":25.17807388305664,"y":-0.5737979412078857,"z":1.4608535766601563},"rotation":{"x":0.009693093597888947,"y":0.9766218066215515,"z":-0.21000933647155763,"w":0.04512317478656769},"size":6.529682159423828,"orthographic":false}