{"cameraMode":{"drawMode":0,"name":"Shaded","section":"Shading Mode"},"sceneLighting":true,"audioPlay":false,"sceneViewState":{"showFog":false,"showMaterialUpdate":false,"showSkybox":false,"showFlares":false,"showImageEffects":false,"showParticleSystems":false},"in2DMode":false,"pivot":{"x":433.3750915527344,"y":496.0566711425781,"z":395.62060546875},"rotation":{"x":-0.031804922968149188,"y":-0.0015302905812859536,"z":0.000041728595533641055,"w":-0.9995116591453552},"size":2848.21923828125,"orthographic":false}