{"cameraMode":{"drawMode":0,"name":"Shaded","section":"Shading Mode"},"sceneLighting":true,"audioPlay":false,"sceneViewState":{"showFog":true,"showMaterialUpdate":false,"showSkybox":true,"showFlares":true,"showImageEffects":true,"showParticleSystems":true},"in2DMode":false,"pivot":{"x":22.71987533569336,"y":-0.31336724758148196,"z":1.6903839111328126},"rotation":{"x":0.006884252652525902,"y":0.9910138249397278,"z":-0.12131582200527191,"w":0.05622300133109093},"size":6.616445541381836,"orthographic":false}